id,name,surname,birth_date,gender,hobbies,city,email,email_verified_at,password,remember_token,created_at,updated_at
1,Cordie,Gutkowski,2014-12-31,female,"Nulla tempora ipsa id velit laudantium sunt molestiae.","North Isabelle",arielle.bahringer@example.net1722688658.9328368@example.com,"2024-08-03 12:37:38",$2y$12$PpzFJB1MBx9xi0hA2YIQ4.uMVnz1kuwaBbNJFTwQ1JNy7DQpMV0Oe,,"2024-08-03 12:37:38","2024-08-03 12:37:38"
2,Cristal,Swaniawski,1971-10-17,female,"Itaque magni debitis quia placeat.",Shawnafort,champlin.angela@example.org1722688658.9346802@example.com,"2024-08-03 12:37:38",$2y$12$PpzFJB1MBx9xi0hA2YIQ4.uMVnz1kuwaBbNJFTwQ1JNy7DQpMV0Oe,,"2024-08-03 12:37:38","2024-08-03 12:37:38"
3,Myrtie,Hackett,2021-08-06,female,"In non facere aut.",Imanibury,mercedes15@example.net1722688658.9347956@example.com,"2024-08-03 12:37:38",$2y$12$PpzFJB1MBx9xi0hA2YIQ4.uMVnz1kuwaBbNJFTwQ1JNy7DQpMV0Oe,,"2024-08-03 12:37:38","2024-08-03 12:37:38"
4,Simone,Dietrich,1985-04-05,female,"Voluptatibus deserunt sunt qui repellendus fugiat in.","East Eliseo",pkunde@example.net1722688658.9348750@example.com,"2024-08-03 12:37:38",$2y$12$PpzFJB1MBx9xi0hA2YIQ4.uMVnz1kuwaBbNJFTwQ1JNy7DQpMV0Oe,,"2024-08-03 12:37:38","2024-08-03 12:37:38"
5,Michele,Pouros,1998-08-09,male,"Explicabo ut aut vel occaecati consequatur ad mollitia.",Jaylanchester,gnitzsche@example.org1722688658.9349267@example.com,"2024-08-03 12:37:38",$2y$12$PpzFJB1MBx9xi0hA2YIQ4.uMVnz1kuwaBbNJFTwQ1JNy7DQpMV0Oe,,"2024-08-03 12:37:38","2024-08-03 12:37:38"
6,Roberto,Thompson,1982-09-20,male,"Praesentium suscipit quidem omnis consequatur pariatur.",Elishaton,champlin.dangelo@example.net1722688658.93599@example.com,"2024-08-03 12:37:38",$2y$12$PpzFJB1MBx9xi0hA2YIQ4.uMVnz1kuwaBbNJFTwQ1JNy7DQpMV0Oe,,"2024-08-03 12:37:38","2024-08-03 12:37:38"
7,Ayden,Schulist,1988-10-30,male,"Vel quia enim tenetur tenetur dolores minima in.",Isaiasmouth,sabina.brown@example.org1722688658.9351206@example.com,"2024-08-03 12:37:38",$2y$12$PpzFJB1MBx9xi0hA2YIQ4.uMVnz1kuwaBbNJFTwQ1JNy7DQpMV0Oe,,"2024-08-03 12:37:38","2024-08-03 12:37:38"
8,Kieran,Carroll,2003-07-31,male,"Sapiente qui laborum doloremque unde eveniet perspiciatis delectus reiciendis.",Wilfredfurt,lueilwitz.esther@example.net1722688658.9352503@example.com,"2024-08-03 12:37:38",$2y$12$PpzFJB1MBx9xi0hA2YIQ4.uMVnz1kuwaBbNJFTwQ1JNy7DQpMV0Oe,,"2024-08-03 12:37:38","2024-08-03 12:37:38"
9,Jeanne,Pfannerstill,2015-03-11,female,"Quas vero itaque amet harum deleniti.","North Hollis",rbeahan@example.com1722688658.935339@example.com,"2024-08-03 12:37:38",$2y$12$PpzFJB1MBx9xi0hA2YIQ4.uMVnz1kuwaBbNJFTwQ1JNy7DQpMV0Oe,,"2024-08-03 12:37:38","2024-08-03 12:37:38"
10,Jaylan,Johnston,2022-07-25,female,"Aut ea cupiditate laboriosam.",Pansyport,wendy39@example.net1722688658.9354420@example.com,"2024-08-03 12:37:38",$2y$12$PpzFJB1MBx9xi0hA2YIQ4.uMVnz1kuwaBbNJFTwQ1JNy7DQpMV0Oe,,"2024-08-03 12:37:38","2024-08-03 12:37:38"
11,Jon,Buckridge,1980-07-11,female,"Reiciendis ut qui inventore qui recusandae ex.",Elishachester,mckenzie.turner@example.com1722688658.9355242@example.com,"2024-08-03 12:37:38",$2y$12$PpzFJB1MBx9xi0hA2YIQ4.uMVnz1kuwaBbNJFTwQ1JNy7DQpMV0Oe,,"2024-08-03 12:37:38","2024-08-03 12:37:38"
12,Antonia,Larkin,2006-01-16,male,"Recusandae ab rerum consequatur iure in qui.","East Annietown",pollich.chester@example.net1722688658.935643@example.com,"2024-08-03 12:37:38",$2y$12$PpzFJB1MBx9xi0hA2YIQ4.uMVnz1kuwaBbNJFTwQ1JNy7DQpMV0Oe,,"2024-08-03 12:37:38","2024-08-03 12:37:38"
13,Madonna,Barrows,2013-03-01,male,"Maiores earum illo unde est ut voluptatem sequi.","North Scottiehaven",uhaley@example.com1722688658.9356438@example.com,"2024-08-03 12:37:38",$2y$12$PpzFJB1MBx9xi0hA2YIQ4.uMVnz1kuwaBbNJFTwQ1JNy7DQpMV0Oe,,"2024-08-03 12:37:38","2024-08-03 12:37:38"
14,Roy,Nikolaus,2005-05-13,male,"Delectus sequi soluta eos mollitia maxime omnis facere.","Port Sidview",christelle.leuschke@example.net1722688658.9357290@example.com,"2024-08-03 12:37:38",$2y$12$PpzFJB1MBx9xi0hA2YIQ4.uMVnz1kuwaBbNJFTwQ1JNy7DQpMV0Oe,,"2024-08-03 12:37:38","2024-08-03 12:37:38"
15,Joanie,Schuster,1984-12-27,female,"Omnis necessitatibus ut ea pariatur.","New Evelinefort",gino.koch@example.net1722688658.9358379@example.com,"2024-08-03 12:37:38",$2y$12$PpzFJB1MBx9xi0hA2YIQ4.uMVnz1kuwaBbNJFTwQ1JNy7DQpMV0Oe,,"2024-08-03 12:37:38","2024-08-03 12:37:38"
16,Jay,Stehr,2003-01-20,male,"Non iste quibusdam quia accusamus.",Taureanville,ocie42@example.net1722688658.9359716@example.com,"2024-08-03 12:37:38",$2y$12$PpzFJB1MBx9xi0hA2YIQ4.uMVnz1kuwaBbNJFTwQ1JNy7DQpMV0Oe,,"2024-08-03 12:37:38","2024-08-03 12:37:38"
17,Athena,Corwin,1973-01-05,male,"Voluptate voluptatem id ea dolores et omnis veniam.",Boyerbury,raul.jones@example.net1722688658.936624@example.com,"2024-08-03 12:37:38",$2y$12$PpzFJB1MBx9xi0hA2YIQ4.uMVnz1kuwaBbNJFTwQ1JNy7DQpMV0Oe,,"2024-08-03 12:37:38","2024-08-03 12:37:38"
18,Jazmyn,Nolan,2004-05-10,female,"Nihil necessitatibus alias quaerat voluptatem qui dolores possimus.",Larkinbury,champlin.janick@example.net1722688658.9361480@example.com,"2024-08-03 12:37:38",$2y$12$PpzFJB1MBx9xi0hA2YIQ4.uMVnz1kuwaBbNJFTwQ1JNy7DQpMV0Oe,,"2024-08-03 12:37:38","2024-08-03 12:37:38"
19,Lillie,Robel,1992-11-15,male,"Est adipisci vitae voluptate autem.","New Kobeburgh",zoe06@example.org1722688658.9362162@example.com,"2024-08-03 12:37:38",$2y$12$PpzFJB1MBx9xi0hA2YIQ4.uMVnz1kuwaBbNJFTwQ1JNy7DQpMV0Oe,,"2024-08-03 12:37:38","2024-08-03 12:37:38"
20,Bridgette,Okuneva,2024-07-23,male,"Natus aperiam nisi autem nihil consequuntur.",Conradfurt,libbie.renner@example.net1722688658.9363843@example.com,"2024-08-03 12:37:38",$2y$12$PpzFJB1MBx9xi0hA2YIQ4.uMVnz1kuwaBbNJFTwQ1JNy7DQpMV0Oe,,"2024-08-03 12:37:38","2024-08-03 12:37:38"
21,Paula,Stracke,2004-01-25,male,"Totam eos nemo nam harum ab ut.","South Adalbertostad",flossie.mertz@example.net1722688658.9364384@example.com,"2024-08-03 12:37:38",$2y$12$PpzFJB1MBx9xi0hA2YIQ4.uMVnz1kuwaBbNJFTwQ1JNy7DQpMV0Oe,,"2024-08-03 12:37:38","2024-08-03 12:37:38"
22,Cristian,Trantow,1979-01-13,male,"Suscipit eveniet ipsa qui possimus vel sint.","New Erwinville",edward.walker@example.net1722688658.9365578@example.com,"2024-08-03 12:37:38",$2y$12$PpzFJB1MBx9xi0hA2YIQ4.uMVnz1kuwaBbNJFTwQ1JNy7DQpMV0Oe,,"2024-08-03 12:37:38","2024-08-03 12:37:38"
23,Mervin,Hodkiewicz,1978-10-03,male,"Sunt autem sequi impedit quia numquam nobis ut magni.",Corwinburgh,armand.moen@example.net1722688658.9365105@example.com,"2024-08-03 12:37:38",$2y$12$PpzFJB1MBx9xi0hA2YIQ4.uMVnz1kuwaBbNJFTwQ1JNy7DQpMV0Oe,,"2024-08-03 12:37:38","2024-08-03 12:37:38"
24,Kaylie,Moen,1972-04-27,male,"Non dolorem doloribus aut maxime.","West Dockburgh",hickle.daryl@example.org1722688658.9366987@example.com,"2024-08-03 12:37:38",$2y$12$PpzFJB1MBx9xi0hA2YIQ4.uMVnz1kuwaBbNJFTwQ1JNy7DQpMV0Oe,,"2024-08-03 12:37:38","2024-08-03 12:37:38"
25,Cade,Ledner,2014-12-31,male,"Nihil cumque sint minima nihil quia.","Lake Matilde",ptremblay@example.org1722688658.9367900@example.com,"2024-08-03 12:37:38",$2y$12$PpzFJB1MBx9xi0hA2YIQ4.uMVnz1kuwaBbNJFTwQ1JNy7DQpMV0Oe,,"2024-08-03 12:37:38","2024-08-03 12:37:38"
26,Kathlyn,Schaefer,1995-03-14,male,"Accusantium non voluptas facilis minima soluta similique nesciunt expedita.","Port Christellehaven",walsh.brenna@example.net1722688658.9368978@example.com,"2024-08-03 12:37:38",$2y$12$PpzFJB1MBx9xi0hA2YIQ4.uMVnz1kuwaBbNJFTwQ1JNy7DQpMV0Oe,,"2024-08-03 12:37:38","2024-08-03 12:37:38"
27,Kendrick,Hickle,2023-07-30,female,"Voluptatem nam sit id quia rem.","Lake Zelma",alfredo49@example.net1722688658.9369979@example.com,"2024-08-03 12:37:38",$2y$12$PpzFJB1MBx9xi0hA2YIQ4.uMVnz1kuwaBbNJFTwQ1JNy7DQpMV0Oe,,"2024-08-03 12:37:38","2024-08-03 12:37:38"
28,Velda,Turner,2023-06-08,female,"Tempore voluptas velit fuga architecto minus corrupti iure.",Joanieberg,schmitt.elva@example.net1722688658.937399@example.com,"2024-08-03 12:37:38",$2y$12$PpzFJB1MBx9xi0hA2YIQ4.uMVnz1kuwaBbNJFTwQ1JNy7DQpMV0Oe,,"2024-08-03 12:37:38","2024-08-03 12:37:38"
29,Uriel,Kessler,1983-09-05,male,"Qui sit quas vitae animi.",Lynchstad,cwatsica@example.net1722688658.9371513@example.com,"2024-08-03 12:37:38",$2y$12$PpzFJB1MBx9xi0hA2YIQ4.uMVnz1kuwaBbNJFTwQ1JNy7DQpMV0Oe,,"2024-08-03 12:37:38","2024-08-03 12:37:38"
30,Noemi,Wilkinson,1996-04-21,female,"Molestias non quod beatae ut esse sit et.",Blickstad,michelle.larson@example.org1722688658.9372645@example.com,"2024-08-03 12:37:38",$2y$12$PpzFJB1MBx9xi0hA2YIQ4.uMVnz1kuwaBbNJFTwQ1JNy7DQpMV0Oe,,"2024-08-03 12:37:38","2024-08-03 12:37:38"
31,Zack,Rau,1972-09-15,male,"Aliquam praesentium dolorem officia aliquid eum nihil.",Jacinthefurt,vgleason@example.net1722688658.937211@example.com,"2024-08-03 12:37:38",$2y$12$PpzFJB1MBx9xi0hA2YIQ4.uMVnz1kuwaBbNJFTwQ1JNy7DQpMV0Oe,,"2024-08-03 12:37:38","2024-08-03 12:37:38"
32,Jace,White,2020-10-25,female,"Corporis dolorem ut quia autem dolor.",Maraport,jarod29@example.net1722688658.9373301@example.com,"2024-08-03 12:37:38",$2y$12$PpzFJB1MBx9xi0hA2YIQ4.uMVnz1kuwaBbNJFTwQ1JNy7DQpMV0Oe,,"2024-08-03 12:37:38","2024-08-03 12:37:38"
33,Macie,Boyer,1990-12-28,female,"Porro id debitis adipisci voluptatem suscipit autem.",Aracelibury,carmine.hessel@example.net1722688658.9374353@example.com,"2024-08-03 12:37:38",$2y$12$PpzFJB1MBx9xi0hA2YIQ4.uMVnz1kuwaBbNJFTwQ1JNy7DQpMV0Oe,,"2024-08-03 12:37:38","2024-08-03 12:37:38"
34,Walton,Cremin,2002-01-14,female,"Eum quam excepturi qui maxime voluptatibus iure quaerat.",Konopelskimouth,xbartell@example.org1722688658.9375538@example.com,"2024-08-03 12:37:38",$2y$12$PpzFJB1MBx9xi0hA2YIQ4.uMVnz1kuwaBbNJFTwQ1JNy7DQpMV0Oe,,"2024-08-03 12:37:38","2024-08-03 12:37:38"
35,Wilfredo,Smith,1990-01-17,male,"Eum eos sit earum labore.",Earleneton,marshall47@example.net1722688658.9376342@example.com,"2024-08-03 12:37:38",$2y$12$PpzFJB1MBx9xi0hA2YIQ4.uMVnz1kuwaBbNJFTwQ1JNy7DQpMV0Oe,,"2024-08-03 12:37:38","2024-08-03 12:37:38"
36,Hilbert,Osinski,1998-01-12,female,"Quia sint vel est corrupti esse.","Lake Emmie",ndavis@example.net1722688658.9377495@example.com,"2024-08-03 12:37:38",$2y$12$PpzFJB1MBx9xi0hA2YIQ4.uMVnz1kuwaBbNJFTwQ1JNy7DQpMV0Oe,,"2024-08-03 12:37:38","2024-08-03 12:37:38"
37,Alisha,Thiel,2012-07-26,male,"Nihil quo accusantium voluptatem consequuntur aut in molestiae.",Uptonmouth,mack25@example.net1722688658.9378385@example.com,"2024-08-03 12:37:38",$2y$12$PpzFJB1MBx9xi0hA2YIQ4.uMVnz1kuwaBbNJFTwQ1JNy7DQpMV0Oe,,"2024-08-03 12:37:38","2024-08-03 12:37:38"
38,Isobel,Streich,1988-11-09,male,"Ipsam praesentium quia dolor voluptatem et.",Neilton,herman.foster@example.net1722688658.9379468@example.com,"2024-08-03 12:37:38",$2y$12$PpzFJB1MBx9xi0hA2YIQ4.uMVnz1kuwaBbNJFTwQ1JNy7DQpMV0Oe,,"2024-08-03 12:37:38","2024-08-03 12:37:38"
39,Ardella,Wuckert,2020-06-14,male,"Dolorem iste in voluptate ipsa quia sit sunt.",Tromptown,katelyn20@example.com1722688658.9379935@example.com,"2024-08-03 12:37:38",$2y$12$PpzFJB1MBx9xi0hA2YIQ4.uMVnz1kuwaBbNJFTwQ1JNy7DQpMV0Oe,,"2024-08-03 12:37:38","2024-08-03 12:37:38"
40,Tiana,Kilback,1985-04-22,female,"Iure non qui enim ea et.","West Garetthaven",tgoldner@example.net1722688658.938201@example.com,"2024-08-03 12:37:38",$2y$12$PpzFJB1MBx9xi0hA2YIQ4.uMVnz1kuwaBbNJFTwQ1JNy7DQpMV0Oe,,"2024-08-03 12:37:38","2024-08-03 12:37:38"
41,Kara,Witting,1984-01-20,female,"Officiis non nam minus possimus esse dolores nihil placeat.","Lake Cliftonton",ayana.upton@example.org1722688658.9382673@example.com,"2024-08-03 12:37:38",$2y$12$PpzFJB1MBx9xi0hA2YIQ4.uMVnz1kuwaBbNJFTwQ1JNy7DQpMV0Oe,,"2024-08-03 12:37:38","2024-08-03 12:37:38"
42,Eugene,Adams,1995-02-10,female,"Autem unde id vel quia eum.",Rodgermouth,tromp.brennon@example.org1722688658.9382289@example.com,"2024-08-03 12:37:38",$2y$12$PpzFJB1MBx9xi0hA2YIQ4.uMVnz1kuwaBbNJFTwQ1JNy7DQpMV0Oe,,"2024-08-03 12:37:38","2024-08-03 12:37:38"
43,Nick,Kirlin,2012-02-09,female,"Libero voluptas ut dolorum tempore provident occaecati.","West Claybury",howell.vicenta@example.org1722688658.9383413@example.com,"2024-08-03 12:37:38",$2y$12$PpzFJB1MBx9xi0hA2YIQ4.uMVnz1kuwaBbNJFTwQ1JNy7DQpMV0Oe,,"2024-08-03 12:37:38","2024-08-03 12:37:38"
44,Julio,Barrows,1978-12-23,female,"Consequatur aspernatur eaque ut quis accusantium.","East Erynside",xbauch@example.com1722688658.9384186@example.com,"2024-08-03 12:37:38",$2y$12$PpzFJB1MBx9xi0hA2YIQ4.uMVnz1kuwaBbNJFTwQ1JNy7DQpMV0Oe,,"2024-08-03 12:37:38","2024-08-03 12:37:38"
45,Tamara,Corwin,2005-02-28,female,"Id est modi qui laborum.","Lake Meredith",walker.jarod@example.org1722688658.938552@example.com,"2024-08-03 12:37:38",$2y$12$PpzFJB1MBx9xi0hA2YIQ4.uMVnz1kuwaBbNJFTwQ1JNy7DQpMV0Oe,,"2024-08-03 12:37:38","2024-08-03 12:37:38"
46,Palma,Jacobson,2024-03-17,female,"Blanditiis voluptas dolorem sit aliquam culpa.","Port Amely",delilah.hirthe@example.com1722688658.938620@example.com,"2024-08-03 12:37:38",$2y$12$PpzFJB1MBx9xi0hA2YIQ4.uMVnz1kuwaBbNJFTwQ1JNy7DQpMV0Oe,,"2024-08-03 12:37:38","2024-08-03 12:37:38"
47,Allan,Johns,1985-12-04,female,"Cupiditate rem consectetur perspiciatis enim qui harum non.","West Otha",legros.jayson@example.net1722688658.9387916@example.com,"2024-08-03 12:37:38",$2y$12$PpzFJB1MBx9xi0hA2YIQ4.uMVnz1kuwaBbNJFTwQ1JNy7DQpMV0Oe,,"2024-08-03 12:37:38","2024-08-03 12:37:38"
48,Francisco,Collins,1977-06-13,female,"Voluptas nesciunt odio voluptas sunt.","North Malvina",eldon30@example.org1722688658.9388808@example.com,"2024-08-03 12:37:38",$2y$12$PpzFJB1MBx9xi0hA2YIQ4.uMVnz1kuwaBbNJFTwQ1JNy7DQpMV0Oe,,"2024-08-03 12:37:38","2024-08-03 12:37:38"
49,Desmond,Stokes,1985-01-25,male,"Rem aut nesciunt sint qui.","East Burdette",enola07@example.net1722688658.9389745@example.com,"2024-08-03 12:37:38",$2y$12$PpzFJB1MBx9xi0hA2YIQ4.uMVnz1kuwaBbNJFTwQ1JNy7DQpMV0Oe,,"2024-08-03 12:37:38","2024-08-03 12:37:38"
50,Hubert,Bahringer,1979-01-04,male,"Et quia facere quis architecto nobis.",Gaylordberg,shanahan.meaghan@example.org1722688658.939195@example.com,"2024-08-03 12:37:38",$2y$12$PpzFJB1MBx9xi0hA2YIQ4.uMVnz1kuwaBbNJFTwQ1JNy7DQpMV0Oe,,"2024-08-03 12:37:38","2024-08-03 12:37:38"
51,Delfina,Kuvalis,2006-12-11,female,"Aut enim voluptatem voluptas quas omnis minus dolores nostrum.","South Karianneland",hackett.kieran@example.com1722688658.939446@example.com,"2024-08-03 12:37:38",$2y$12$PpzFJB1MBx9xi0hA2YIQ4.uMVnz1kuwaBbNJFTwQ1JNy7DQpMV0Oe,,"2024-08-03 12:37:38","2024-08-03 12:37:38"
52,Layla,Roob,2002-02-13,female,"Deleniti explicabo aut laudantium quos et ipsum.","New Norene",hschaefer@example.org1722688658.9391516@example.com,"2024-08-03 12:37:38",$2y$12$PpzFJB1MBx9xi0hA2YIQ4.uMVnz1kuwaBbNJFTwQ1JNy7DQpMV0Oe,,"2024-08-03 12:37:38","2024-08-03 12:37:38"
53,Matilde,McCullough,1995-12-02,male,"Sit repudiandae molestias voluptatem rem consequuntur ut.",Naderberg,lpurdy@example.org1722688658.9392437@example.com,"2024-08-03 12:37:38",$2y$12$PpzFJB1MBx9xi0hA2YIQ4.uMVnz1kuwaBbNJFTwQ1JNy7DQpMV0Oe,,"2024-08-03 12:37:38","2024-08-03 12:37:38"
54,Jaylen,Marks,1987-04-21,female,"Consectetur ut accusamus fugiat labore veniam eos.",Jalynfurt,hbogisich@example.com1722688658.9393963@example.com,"2024-08-03 12:37:38",$2y$12$PpzFJB1MBx9xi0hA2YIQ4.uMVnz1kuwaBbNJFTwQ1JNy7DQpMV0Oe,,"2024-08-03 12:37:38","2024-08-03 12:37:38"
55,Wilber,Cormier,1978-02-01,male,"Non omnis et fuga sunt nam.","North Bert",emilia.williamson@example.org1722688658.9394615@example.com,"2024-08-03 12:37:38",$2y$12$PpzFJB1MBx9xi0hA2YIQ4.uMVnz1kuwaBbNJFTwQ1JNy7DQpMV0Oe,,"2024-08-03 12:37:38","2024-08-03 12:37:38"
56,Queen,Spinka,1995-09-16,female,"Est assumenda vitae delectus mollitia et non corrupti voluptates.",Brendanport,padberg.novella@example.com1722688658.9395855@example.com,"2024-08-03 12:37:38",$2y$12$PpzFJB1MBx9xi0hA2YIQ4.uMVnz1kuwaBbNJFTwQ1JNy7DQpMV0Oe,,"2024-08-03 12:37:38","2024-08-03 12:37:38"
57,Justyn,Johnston,1985-10-22,female,"Cumque distinctio eligendi numquam voluptas et.",Kubland,vpacocha@example.org1722688658.9396999@example.com,"2024-08-03 12:37:38",$2y$12$PpzFJB1MBx9xi0hA2YIQ4.uMVnz1kuwaBbNJFTwQ1JNy7DQpMV0Oe,,"2024-08-03 12:37:38","2024-08-03 12:37:38"
58,Elliott,Goyette,1971-01-15,male,"Sunt molestiae sed omnis quae voluptatem id.","Port Abdulland",hodkiewicz.anabelle@example.com1722688658.9396631@example.com,"2024-08-03 12:37:38",$2y$12$PpzFJB1MBx9xi0hA2YIQ4.uMVnz1kuwaBbNJFTwQ1JNy7DQpMV0Oe,,"2024-08-03 12:37:38","2024-08-03 12:37:38"
118,Domenick,Stroman,1985-08-30,female,"Aliquid est aut minus harum.",McClureberg,lschimmel@example.org1722688658.945711@example.com,"2024-08-03 12:37:38",$2y$12$PpzFJB1MBx9xi0hA2YIQ4.uMVnz1kuwaBbNJFTwQ1JNy7DQpMV0Oe,,"2024-08-03 12:37:38","2024-08-03 12:37:38"
59,Alena,Carroll,2013-09-12,male,"Molestiae officia sunt consequatur aut fugit dicta aperiam.","West Gordonport",ucummings@example.org1722688658.939767@example.com,"2024-08-03 12:37:38",$2y$12$PpzFJB1MBx9xi0hA2YIQ4.uMVnz1kuwaBbNJFTwQ1JNy7DQpMV0Oe,,"2024-08-03 12:37:38","2024-08-03 12:37:38"
60,Sam,Will,2012-12-17,female,"Rem nesciunt fugiat sapiente rerum dolor eum et cum.",Stoltenbergton,abdul76@example.org1722688658.9398849@example.com,"2024-08-03 12:37:38",$2y$12$PpzFJB1MBx9xi0hA2YIQ4.uMVnz1kuwaBbNJFTwQ1JNy7DQpMV0Oe,,"2024-08-03 12:37:38","2024-08-03 12:37:38"
61,Athena,Greenfelder,2012-06-08,male,"Nihil quibusdam sint qui temporibus eius.",Issacberg,cordie.lebsack@example.org1722688658.939952@example.com,"2024-08-03 12:37:38",$2y$12$PpzFJB1MBx9xi0hA2YIQ4.uMVnz1kuwaBbNJFTwQ1JNy7DQpMV0Oe,,"2024-08-03 12:37:38","2024-08-03 12:37:38"
62,Michelle,Nicolas,2004-03-21,male,"Totam tenetur cumque inventore aut repellat at.",Labadiefurt,judy79@example.net1722688658.94593@example.com,"2024-08-03 12:37:38",$2y$12$PpzFJB1MBx9xi0hA2YIQ4.uMVnz1kuwaBbNJFTwQ1JNy7DQpMV0Oe,,"2024-08-03 12:37:38","2024-08-03 12:37:38"
63,Hermann,Rutherford,2019-06-10,male,"Quam et ex laboriosam et sint voluptatem dicta.",Tierrashire,major.parker@example.org1722688658.9401799@example.com,"2024-08-03 12:37:38",$2y$12$PpzFJB1MBx9xi0hA2YIQ4.uMVnz1kuwaBbNJFTwQ1JNy7DQpMV0Oe,,"2024-08-03 12:37:38","2024-08-03 12:37:38"
64,Caesar,Schoen,1986-03-17,male,"Aut numquam accusamus amet natus debitis non necessitatibus eum.","North Chanellechester",kaci21@example.net1722688658.9402518@example.com,"2024-08-03 12:37:38",$2y$12$PpzFJB1MBx9xi0hA2YIQ4.uMVnz1kuwaBbNJFTwQ1JNy7DQpMV0Oe,,"2024-08-03 12:37:38","2024-08-03 12:37:38"
65,Alyson,Hauck,1979-04-10,female,"Molestiae itaque cupiditate id perspiciatis reprehenderit eaque.",Metzhaven,lemke.linwood@example.net1722688658.9403996@example.com,"2024-08-03 12:37:38",$2y$12$PpzFJB1MBx9xi0hA2YIQ4.uMVnz1kuwaBbNJFTwQ1JNy7DQpMV0Oe,,"2024-08-03 12:37:38","2024-08-03 12:37:38"
66,Emmet,Jacobi,1971-09-29,female,"Quo neque sed pariatur sunt nulla aut ratione.",Gissellestad,vschulist@example.org1722688658.9403859@example.com,"2024-08-03 12:37:38",$2y$12$PpzFJB1MBx9xi0hA2YIQ4.uMVnz1kuwaBbNJFTwQ1JNy7DQpMV0Oe,,"2024-08-03 12:37:38","2024-08-03 12:37:38"
67,Casimer,Cummings,1979-03-21,male,"Nesciunt quos dicta sit ut autem totam non.","East Evans",elisa58@example.net1722688658.9404455@example.com,"2024-08-03 12:37:38",$2y$12$PpzFJB1MBx9xi0hA2YIQ4.uMVnz1kuwaBbNJFTwQ1JNy7DQpMV0Oe,,"2024-08-03 12:37:38","2024-08-03 12:37:38"
68,Gustave,Treutel,2023-09-07,male,"Est autem ut sed.","Port Mario",hilda.bergstrom@example.org1722688658.9405541@example.com,"2024-08-03 12:37:38",$2y$12$PpzFJB1MBx9xi0hA2YIQ4.uMVnz1kuwaBbNJFTwQ1JNy7DQpMV0Oe,,"2024-08-03 12:37:38","2024-08-03 12:37:38"
69,Rhett,Ferry,1994-06-04,female,"Earum culpa aut officia sapiente at blanditiis ea.","Port Dawn",maria49@example.com1722688658.9406406@example.com,"2024-08-03 12:37:38",$2y$12$PpzFJB1MBx9xi0hA2YIQ4.uMVnz1kuwaBbNJFTwQ1JNy7DQpMV0Oe,,"2024-08-03 12:37:38","2024-08-03 12:37:38"
70,Sigmund,Davis,2015-03-05,male,"Rerum vero voluptatem accusamus et est ad.",Predovicton,svonrueden@example.org1722688658.9407703@example.com,"2024-08-03 12:37:38",$2y$12$PpzFJB1MBx9xi0hA2YIQ4.uMVnz1kuwaBbNJFTwQ1JNy7DQpMV0Oe,,"2024-08-03 12:37:38","2024-08-03 12:37:38"
71,Myrtie,Crona,1975-09-12,male,"Consequatur commodi fuga dolor et nam sed delectus.","South Antonetta",alice00@example.com1722688658.9408573@example.com,"2024-08-03 12:37:38",$2y$12$PpzFJB1MBx9xi0hA2YIQ4.uMVnz1kuwaBbNJFTwQ1JNy7DQpMV0Oe,,"2024-08-03 12:37:38","2024-08-03 12:37:38"
72,Dena,Mills,1972-12-23,female,"Rerum quaerat inventore nihil molestiae modi.","West Kaitlin",lacey.ebert@example.net1722688658.9409623@example.com,"2024-08-03 12:37:38",$2y$12$PpzFJB1MBx9xi0hA2YIQ4.uMVnz1kuwaBbNJFTwQ1JNy7DQpMV0Oe,,"2024-08-03 12:37:38","2024-08-03 12:37:38"
73,Robert,Powlowski,1985-05-25,female,"Doloribus vitae qui nihil laudantium atque enim.","West Flaviochester",corkery.osbaldo@example.net1722688658.941623@example.com,"2024-08-03 12:37:38",$2y$12$PpzFJB1MBx9xi0hA2YIQ4.uMVnz1kuwaBbNJFTwQ1JNy7DQpMV0Oe,,"2024-08-03 12:37:38","2024-08-03 12:37:38"
74,Queenie,Ledner,1988-10-19,female,"Ea saepe aspernatur nemo quos nesciunt saepe.",Kozeybury,adelia09@example.org1722688658.9411633@example.com,"2024-08-03 12:37:38",$2y$12$PpzFJB1MBx9xi0hA2YIQ4.uMVnz1kuwaBbNJFTwQ1JNy7DQpMV0Oe,,"2024-08-03 12:37:38","2024-08-03 12:37:38"
75,Jonathan,Murray,1978-11-23,female,"Nihil dolores in ratione est blanditiis sunt.","East Darrellberg",britney.conn@example.com1722688658.9411908@example.com,"2024-08-03 12:37:38",$2y$12$PpzFJB1MBx9xi0hA2YIQ4.uMVnz1kuwaBbNJFTwQ1JNy7DQpMV0Oe,,"2024-08-03 12:37:38","2024-08-03 12:37:38"
76,Demetrius,Farrell,2016-09-08,male,"Perferendis asperiores corporis qui aspernatur.","West Dawson",bethel33@example.net1722688658.941272@example.com,"2024-08-03 12:37:38",$2y$12$PpzFJB1MBx9xi0hA2YIQ4.uMVnz1kuwaBbNJFTwQ1JNy7DQpMV0Oe,,"2024-08-03 12:37:38","2024-08-03 12:37:38"
77,Walter,Stroman,2001-05-26,male,"Aut qui suscipit distinctio quibusdam ut alias.","Port Luna",hope.flatley@example.org1722688658.9413535@example.com,"2024-08-03 12:37:38",$2y$12$PpzFJB1MBx9xi0hA2YIQ4.uMVnz1kuwaBbNJFTwQ1JNy7DQpMV0Oe,,"2024-08-03 12:37:38","2024-08-03 12:37:38"
78,Maribel,Jenkins,2006-01-16,male,"Praesentium sint ut voluptatibus quis rerum culpa.","North Hadley",alisha04@example.com1722688658.9414995@example.com,"2024-08-03 12:37:38",$2y$12$PpzFJB1MBx9xi0hA2YIQ4.uMVnz1kuwaBbNJFTwQ1JNy7DQpMV0Oe,,"2024-08-03 12:37:38","2024-08-03 12:37:38"
79,Delaney,Brekke,2000-01-18,female,"Aut nemo quia ea molestias dolores mollitia.","Port Bettie",victoria.boehm@example.org1722688658.9415695@example.com,"2024-08-03 12:37:38",$2y$12$PpzFJB1MBx9xi0hA2YIQ4.uMVnz1kuwaBbNJFTwQ1JNy7DQpMV0Oe,,"2024-08-03 12:37:38","2024-08-03 12:37:38"
80,Fritz,Hyatt,2014-12-07,female,"Quia nobis non aspernatur occaecati tempore.","North Jaidenfort",kenny56@example.com1722688658.9416860@example.com,"2024-08-03 12:37:38",$2y$12$PpzFJB1MBx9xi0hA2YIQ4.uMVnz1kuwaBbNJFTwQ1JNy7DQpMV0Oe,,"2024-08-03 12:37:38","2024-08-03 12:37:38"
81,Aurelio,Osinski,1982-05-16,female,"Rerum cumque est occaecati magnam perferendis voluptatem est.","East Augustusbury",gmetz@example.net1722688658.9417171@example.com,"2024-08-03 12:37:38",$2y$12$PpzFJB1MBx9xi0hA2YIQ4.uMVnz1kuwaBbNJFTwQ1JNy7DQpMV0Oe,,"2024-08-03 12:37:38","2024-08-03 12:37:38"
82,Wilhelm,Hayes,1993-05-20,female,"Ea amet voluptate deleniti quis ratione cumque facilis sit.","North Aubrey",fgrimes@example.net1722688658.941853@example.com,"2024-08-03 12:37:38",$2y$12$PpzFJB1MBx9xi0hA2YIQ4.uMVnz1kuwaBbNJFTwQ1JNy7DQpMV0Oe,,"2024-08-03 12:37:38","2024-08-03 12:37:38"
83,Lyda,Bosco,2005-02-04,male,"Veritatis nisi et quas perferendis.","North Halleborough",moen.haven@example.com1722688658.9419887@example.com,"2024-08-03 12:37:38",$2y$12$PpzFJB1MBx9xi0hA2YIQ4.uMVnz1kuwaBbNJFTwQ1JNy7DQpMV0Oe,,"2024-08-03 12:37:38","2024-08-03 12:37:38"
84,Anissa,Zemlak,2020-10-21,male,"Pariatur sint nesciunt sed ea impedit illo enim fugit.","North Jett",evan.conn@example.com1722688658.942811@example.com,"2024-08-03 12:37:38",$2y$12$PpzFJB1MBx9xi0hA2YIQ4.uMVnz1kuwaBbNJFTwQ1JNy7DQpMV0Oe,,"2024-08-03 12:37:38","2024-08-03 12:37:38"
85,Cedrick,Fay,2015-09-20,male,"Aut est optio numquam qui.","Port Abigailbury",delfina58@example.net1722688658.942185@example.com,"2024-08-03 12:37:38",$2y$12$PpzFJB1MBx9xi0hA2YIQ4.uMVnz1kuwaBbNJFTwQ1JNy7DQpMV0Oe,,"2024-08-03 12:37:38","2024-08-03 12:37:38"
86,Augustine,Goyette,2011-09-23,male,"Architecto veniam nisi maiores molestias voluptatum quos voluptatibus optio.",Kalimouth,thora.cassin@example.net1722688658.942253@example.com,"2024-08-03 12:37:38",$2y$12$PpzFJB1MBx9xi0hA2YIQ4.uMVnz1kuwaBbNJFTwQ1JNy7DQpMV0Oe,,"2024-08-03 12:37:38","2024-08-03 12:37:38"
87,Alexandra,Buckridge,1984-05-23,male,"Enim repellat in sint inventore placeat ullam veniam nesciunt.",Felipemouth,tony.skiles@example.net1722688658.9423649@example.com,"2024-08-03 12:37:38",$2y$12$PpzFJB1MBx9xi0hA2YIQ4.uMVnz1kuwaBbNJFTwQ1JNy7DQpMV0Oe,,"2024-08-03 12:37:38","2024-08-03 12:37:38"
88,Dahlia,Turner,1973-04-02,female,"Molestiae nihil enim veritatis natus distinctio ipsam ea repudiandae.","West Margueritechester",grant.saige@example.com1722688658.9424992@example.com,"2024-08-03 12:37:38",$2y$12$PpzFJB1MBx9xi0hA2YIQ4.uMVnz1kuwaBbNJFTwQ1JNy7DQpMV0Oe,,"2024-08-03 12:37:38","2024-08-03 12:37:38"
89,Connor,Adams,1987-08-05,male,"Cupiditate culpa beatae aut nulla velit.",Robelhaven,bednar.nellie@example.org1722688658.9425385@example.com,"2024-08-03 12:37:38",$2y$12$PpzFJB1MBx9xi0hA2YIQ4.uMVnz1kuwaBbNJFTwQ1JNy7DQpMV0Oe,,"2024-08-03 12:37:38","2024-08-03 12:37:38"
90,Joaquin,Mraz,2022-12-07,female,"Tempore non impedit nemo exercitationem debitis.",Lucilemouth,vcronin@example.net1722688658.9426207@example.com,"2024-08-03 12:37:38",$2y$12$PpzFJB1MBx9xi0hA2YIQ4.uMVnz1kuwaBbNJFTwQ1JNy7DQpMV0Oe,,"2024-08-03 12:37:38","2024-08-03 12:37:38"
91,Estevan,Halvorson,2014-08-16,female,"Et commodi et omnis voluptas quidem.","South Marcella",cremin.drake@example.com1722688658.9426123@example.com,"2024-08-03 12:37:38",$2y$12$PpzFJB1MBx9xi0hA2YIQ4.uMVnz1kuwaBbNJFTwQ1JNy7DQpMV0Oe,,"2024-08-03 12:37:38","2024-08-03 12:37:38"
92,Corrine,Kunde,1990-01-19,female,"Adipisci aut quod sapiente.",Effertzstad,myrtice21@example.com1722688658.94271000@example.com,"2024-08-03 12:37:38",$2y$12$PpzFJB1MBx9xi0hA2YIQ4.uMVnz1kuwaBbNJFTwQ1JNy7DQpMV0Oe,,"2024-08-03 12:37:38","2024-08-03 12:37:38"
93,Marianna,Davis,1995-02-26,male,"Dicta qui porro eos expedita corporis.",Trevorborough,pstracke@example.com1722688658.9428578@example.com,"2024-08-03 12:37:38",$2y$12$PpzFJB1MBx9xi0hA2YIQ4.uMVnz1kuwaBbNJFTwQ1JNy7DQpMV0Oe,,"2024-08-03 12:37:38","2024-08-03 12:37:38"
94,Anibal,Wilderman,1987-03-28,female,"Quisquam ut non vero neque totam odit dolorem repudiandae.","South Kevenmouth",korbin.lueilwitz@example.org1722688658.9429268@example.com,"2024-08-03 12:37:38",$2y$12$PpzFJB1MBx9xi0hA2YIQ4.uMVnz1kuwaBbNJFTwQ1JNy7DQpMV0Oe,,"2024-08-03 12:37:38","2024-08-03 12:37:38"
95,Austin,Cassin,2014-09-29,female,"Inventore at omnis temporibus officia.",Stammfurt,ike80@example.org1722688658.943518@example.com,"2024-08-03 12:37:38",$2y$12$PpzFJB1MBx9xi0hA2YIQ4.uMVnz1kuwaBbNJFTwQ1JNy7DQpMV0Oe,,"2024-08-03 12:37:38","2024-08-03 12:37:38"
96,Arianna,Corkery,2007-09-13,female,"Facere nemo delectus hic et vel.","Lake Feliciafort",kara49@example.net1722688658.9431942@example.com,"2024-08-03 12:37:38",$2y$12$PpzFJB1MBx9xi0hA2YIQ4.uMVnz1kuwaBbNJFTwQ1JNy7DQpMV0Oe,,"2024-08-03 12:37:38","2024-08-03 12:37:38"
97,Mandy,Kling,1974-12-10,male,"Rem dolorem qui sed blanditiis voluptas ullam eos.",Weissnatshire,karlie.schultz@example.net1722688658.9432228@example.com,"2024-08-03 12:37:38",$2y$12$PpzFJB1MBx9xi0hA2YIQ4.uMVnz1kuwaBbNJFTwQ1JNy7DQpMV0Oe,,"2024-08-03 12:37:38","2024-08-03 12:37:38"
98,Gilberto,Conn,1970-04-01,female,"Optio aut officiis minima aut.","Port Elmore",bgoldner@example.net1722688658.943394@example.com,"2024-08-03 12:37:38",$2y$12$PpzFJB1MBx9xi0hA2YIQ4.uMVnz1kuwaBbNJFTwQ1JNy7DQpMV0Oe,,"2024-08-03 12:37:38","2024-08-03 12:37:38"
99,Emmie,Kuhic,2020-02-05,male,"Voluptatem veniam accusamus nobis.",Sabinafurt,strosin.lorna@example.com1722688658.9433770@example.com,"2024-08-03 12:37:38",$2y$12$PpzFJB1MBx9xi0hA2YIQ4.uMVnz1kuwaBbNJFTwQ1JNy7DQpMV0Oe,,"2024-08-03 12:37:38","2024-08-03 12:37:38"
100,Fatima,Mohr,1981-01-30,female,"Exercitationem modi aut hic eos repudiandae rerum.",Catherineshire,darrel.hamill@example.net1722688658.9434935@example.com,"2024-08-03 12:37:38",$2y$12$PpzFJB1MBx9xi0hA2YIQ4.uMVnz1kuwaBbNJFTwQ1JNy7DQpMV0Oe,,"2024-08-03 12:37:38","2024-08-03 12:37:38"
101,Raheem,Huels,2007-05-06,female,"Quia ut dolores eveniet aliquid et et.",Tysonburgh,tsporer@example.org1722688658.9435601@example.com,"2024-08-03 12:37:38",$2y$12$PpzFJB1MBx9xi0hA2YIQ4.uMVnz1kuwaBbNJFTwQ1JNy7DQpMV0Oe,,"2024-08-03 12:37:38","2024-08-03 12:37:38"
102,Reinhold,Gaylord,1979-08-06,female,"Similique adipisci esse recusandae et tenetur molestiae laborum.",Mannberg,kayden78@example.net1722688658.9436850@example.com,"2024-08-03 12:37:38",$2y$12$PpzFJB1MBx9xi0hA2YIQ4.uMVnz1kuwaBbNJFTwQ1JNy7DQpMV0Oe,,"2024-08-03 12:37:38","2024-08-03 12:37:38"
103,Donato,Goldner,1987-04-18,female,"Ullam dicta atque quia sunt esse.","Port Isomland",jacobi.dina@example.net1722688658.9437273@example.com,"2024-08-03 12:37:38",$2y$12$PpzFJB1MBx9xi0hA2YIQ4.uMVnz1kuwaBbNJFTwQ1JNy7DQpMV0Oe,,"2024-08-03 12:37:38","2024-08-03 12:37:38"
104,Candace,Hamill,1987-12-12,male,"Natus placeat quis id molestias tempore.",Clintberg,crist.titus@example.com1722688658.9438773@example.com,"2024-08-03 12:37:38",$2y$12$PpzFJB1MBx9xi0hA2YIQ4.uMVnz1kuwaBbNJFTwQ1JNy7DQpMV0Oe,,"2024-08-03 12:37:38","2024-08-03 12:37:38"
105,Marlene,Mitchell,2022-09-18,male,"Cum ipsum culpa quia quod voluptas.",Powlowskiland,estefania.mayer@example.net1722688658.9439883@example.com,"2024-08-03 12:37:38",$2y$12$PpzFJB1MBx9xi0hA2YIQ4.uMVnz1kuwaBbNJFTwQ1JNy7DQpMV0Oe,,"2024-08-03 12:37:38","2024-08-03 12:37:38"
106,Enrico,Bergstrom,2006-02-24,female,"Aut et voluptas ullam.",Kshlerinshire,ziemann.mariane@example.com1722688658.944194@example.com,"2024-08-03 12:37:38",$2y$12$PpzFJB1MBx9xi0hA2YIQ4.uMVnz1kuwaBbNJFTwQ1JNy7DQpMV0Oe,,"2024-08-03 12:37:38","2024-08-03 12:37:38"
107,Zoie,Windler,1983-07-06,male,"Deleniti ipsam nemo repellat enim molestias.",Brainchester,ktorp@example.com1722688658.944583@example.com,"2024-08-03 12:37:38",$2y$12$PpzFJB1MBx9xi0hA2YIQ4.uMVnz1kuwaBbNJFTwQ1JNy7DQpMV0Oe,,"2024-08-03 12:37:38","2024-08-03 12:37:38"
108,Jacquelyn,Erdman,2002-11-08,female,"Vel eveniet doloribus labore repellendus qui quia.",Kilbackton,george.muller@example.com1722688658.944137@example.com,"2024-08-03 12:37:38",$2y$12$PpzFJB1MBx9xi0hA2YIQ4.uMVnz1kuwaBbNJFTwQ1JNy7DQpMV0Oe,,"2024-08-03 12:37:38","2024-08-03 12:37:38"
109,Bernadette,Murphy,1981-04-24,male,"Eos temporibus ut laudantium quia mollitia.",Shaynefurt,ferne.bergnaum@example.com1722688658.9442156@example.com,"2024-08-03 12:37:38",$2y$12$PpzFJB1MBx9xi0hA2YIQ4.uMVnz1kuwaBbNJFTwQ1JNy7DQpMV0Oe,,"2024-08-03 12:37:38","2024-08-03 12:37:38"
110,Johnathon,Rosenbaum,1971-08-22,male,"Est quidem omnis sequi officiis sint.","South Ezequielstad",dterry@example.net1722688658.9443685@example.com,"2024-08-03 12:37:38",$2y$12$PpzFJB1MBx9xi0hA2YIQ4.uMVnz1kuwaBbNJFTwQ1JNy7DQpMV0Oe,,"2024-08-03 12:37:38","2024-08-03 12:37:38"
111,Eliane,Bashirian,1977-02-18,female,"A voluptatem adipisci reiciendis officia totam cumque dolor fugit.","East Nicklausmouth",susana98@example.net1722688658.9444351@example.com,"2024-08-03 12:37:38",$2y$12$PpzFJB1MBx9xi0hA2YIQ4.uMVnz1kuwaBbNJFTwQ1JNy7DQpMV0Oe,,"2024-08-03 12:37:38","2024-08-03 12:37:38"
112,Annabel,Rutherford,2007-08-09,male,"Facere qui debitis delectus illum.",Kristastad,mac44@example.net1722688658.9445768@example.com,"2024-08-03 12:37:38",$2y$12$PpzFJB1MBx9xi0hA2YIQ4.uMVnz1kuwaBbNJFTwQ1JNy7DQpMV0Oe,,"2024-08-03 12:37:38","2024-08-03 12:37:38"
113,Keon,Hickle,2009-10-07,male,"Totam architecto dignissimos deserunt ut.",Kautzerside,yost.avis@example.net1722688658.9446106@example.com,"2024-08-03 12:37:38",$2y$12$PpzFJB1MBx9xi0hA2YIQ4.uMVnz1kuwaBbNJFTwQ1JNy7DQpMV0Oe,,"2024-08-03 12:37:38","2024-08-03 12:37:38"
114,Nathaniel,Lockman,1975-06-13,female,"Et rerum earum modi culpa.","East Bobby",rkautzer@example.org1722688658.9447352@example.com,"2024-08-03 12:37:38",$2y$12$PpzFJB1MBx9xi0hA2YIQ4.uMVnz1kuwaBbNJFTwQ1JNy7DQpMV0Oe,,"2024-08-03 12:37:38","2024-08-03 12:37:38"
115,Viola,Stokes,1976-07-13,female,"Eos pariatur autem provident est.",Janechester,grayson.boehm@example.net1722688658.9447499@example.com,"2024-08-03 12:37:38",$2y$12$PpzFJB1MBx9xi0hA2YIQ4.uMVnz1kuwaBbNJFTwQ1JNy7DQpMV0Oe,,"2024-08-03 12:37:38","2024-08-03 12:37:38"
116,Lorine,Paucek,1976-01-12,female,"Quis eos explicabo qui in et in.","Lake Gardner",dberge@example.com1722688658.9448419@example.com,"2024-08-03 12:37:38",$2y$12$PpzFJB1MBx9xi0hA2YIQ4.uMVnz1kuwaBbNJFTwQ1JNy7DQpMV0Oe,,"2024-08-03 12:37:38","2024-08-03 12:37:38"
117,Jeramie,Mitchell,2016-03-27,male,"Quis qui harum adipisci veniam quas eos voluptatem.",Terryton,abuckridge@example.org1722688658.944978@example.com,"2024-08-03 12:37:38",$2y$12$PpzFJB1MBx9xi0hA2YIQ4.uMVnz1kuwaBbNJFTwQ1JNy7DQpMV0Oe,,"2024-08-03 12:37:38","2024-08-03 12:37:38"
119,Wilson,Williamson,2006-11-25,male,"Et est pariatur sed ea cupiditate.",Auroreshire,oberbrunner.allan@example.com1722688658.9451880@example.com,"2024-08-03 12:37:38",$2y$12$PpzFJB1MBx9xi0hA2YIQ4.uMVnz1kuwaBbNJFTwQ1JNy7DQpMV0Oe,,"2024-08-03 12:37:38","2024-08-03 12:37:38"
120,Kaylah,Christiansen,2015-11-05,female,"Ab quibusdam quos ut autem.",Norvalside,abigayle.ondricka@example.com1722688658.945292@example.com,"2024-08-03 12:37:38",$2y$12$PpzFJB1MBx9xi0hA2YIQ4.uMVnz1kuwaBbNJFTwQ1JNy7DQpMV0Oe,,"2024-08-03 12:37:38","2024-08-03 12:37:38"
121,Rosalinda,Huels,1971-07-06,male,"Velit error voluptatem dolor omnis totam et qui.","West Hannahtown",bria37@example.com1722688658.9453466@example.com,"2024-08-03 12:37:38",$2y$12$PpzFJB1MBx9xi0hA2YIQ4.uMVnz1kuwaBbNJFTwQ1JNy7DQpMV0Oe,,"2024-08-03 12:37:38","2024-08-03 12:37:38"
122,Pearl,White,2007-05-10,male,"Consectetur voluptates eveniet ad.","West Desmondborough",edmund.wilderman@example.com1722688658.9454252@example.com,"2024-08-03 12:37:38",$2y$12$PpzFJB1MBx9xi0hA2YIQ4.uMVnz1kuwaBbNJFTwQ1JNy7DQpMV0Oe,,"2024-08-03 12:37:38","2024-08-03 12:37:38"
123,June,Donnelly,2008-05-30,male,"Eius accusantium quam quos accusamus.","Lake Lucianoberg",xshields@example.org1722688658.9454175@example.com,"2024-08-03 12:37:38",$2y$12$PpzFJB1MBx9xi0hA2YIQ4.uMVnz1kuwaBbNJFTwQ1JNy7DQpMV0Oe,,"2024-08-03 12:37:38","2024-08-03 12:37:38"
124,Earnestine,Berge,1987-10-05,female,"Deleniti sed ratione dolorum natus.","Lake Reganshire",twolf@example.net1722688658.9455800@example.com,"2024-08-03 12:37:38",$2y$12$PpzFJB1MBx9xi0hA2YIQ4.uMVnz1kuwaBbNJFTwQ1JNy7DQpMV0Oe,,"2024-08-03 12:37:38","2024-08-03 12:37:38"
125,Timothy,Ziemann,1986-10-06,female,"Atque odio qui rerum aut aspernatur aut minus nemo.","East Lowellstad",yspinka@example.org1722688658.9456930@example.com,"2024-08-03 12:37:38",$2y$12$PpzFJB1MBx9xi0hA2YIQ4.uMVnz1kuwaBbNJFTwQ1JNy7DQpMV0Oe,,"2024-08-03 12:37:38","2024-08-03 12:37:38"
126,Mariane,Towne,2014-09-13,male,"Magni reiciendis quia et nam in ipsam quo.",Erdmanfurt,marks.susan@example.com1722688658.9457992@example.com,"2024-08-03 12:37:38",$2y$12$PpzFJB1MBx9xi0hA2YIQ4.uMVnz1kuwaBbNJFTwQ1JNy7DQpMV0Oe,,"2024-08-03 12:37:38","2024-08-03 12:37:38"
127,Evan,Zieme,2024-04-17,male,"Non mollitia illo sed qui praesentium cum.",Balistreriview,kimberly.casper@example.net1722688658.9458955@example.com,"2024-08-03 12:37:38",$2y$12$PpzFJB1MBx9xi0hA2YIQ4.uMVnz1kuwaBbNJFTwQ1JNy7DQpMV0Oe,,"2024-08-03 12:37:38","2024-08-03 12:37:38"
128,Jordan,Quitzon,1999-12-06,female,"Aut quidem aliquid consequatur et quis velit voluptas et.",Karianeborough,kuhlman.charlie@example.com1722688658.9459397@example.com,"2024-08-03 12:37:38",$2y$12$PpzFJB1MBx9xi0hA2YIQ4.uMVnz1kuwaBbNJFTwQ1JNy7DQpMV0Oe,,"2024-08-03 12:37:38","2024-08-03 12:37:38"
129,Julio,Monahan,1974-08-23,male,"Omnis atque est aut dicta.","New Lilla",margie55@example.com1722688658.946669@example.com,"2024-08-03 12:37:38",$2y$12$PpzFJB1MBx9xi0hA2YIQ4.uMVnz1kuwaBbNJFTwQ1JNy7DQpMV0Oe,,"2024-08-03 12:37:38","2024-08-03 12:37:38"
130,Bonita,Pouros,1980-12-28,female,"Cum dolore sequi nemo nihil ex et fugit.",Mullerstad,orath@example.org1722688658.946122@example.com,"2024-08-03 12:37:38",$2y$12$PpzFJB1MBx9xi0hA2YIQ4.uMVnz1kuwaBbNJFTwQ1JNy7DQpMV0Oe,,"2024-08-03 12:37:38","2024-08-03 12:37:38"
131,Lawson,Weissnat,1988-10-20,female,"Voluptatem similique voluptatem debitis ut fuga earum culpa fugiat.","Port Kadetown",tyreek35@example.com1722688658.9461672@example.com,"2024-08-03 12:37:38",$2y$12$PpzFJB1MBx9xi0hA2YIQ4.uMVnz1kuwaBbNJFTwQ1JNy7DQpMV0Oe,,"2024-08-03 12:37:38","2024-08-03 12:37:38"
132,Janis,Murazik,2020-07-10,female,"Quae odio quia non est quia fuga.",Romanborough,malachi06@example.org1722688658.9462305@example.com,"2024-08-03 12:37:38",$2y$12$PpzFJB1MBx9xi0hA2YIQ4.uMVnz1kuwaBbNJFTwQ1JNy7DQpMV0Oe,,"2024-08-03 12:37:38","2024-08-03 12:37:38"
133,Bud,Schoen,2017-07-11,male,"Voluptatem enim quia rerum dicta sint.",Dachmouth,jamison.koepp@example.net1722688658.9463894@example.com,"2024-08-03 12:37:38",$2y$12$PpzFJB1MBx9xi0hA2YIQ4.uMVnz1kuwaBbNJFTwQ1JNy7DQpMV0Oe,,"2024-08-03 12:37:38","2024-08-03 12:37:38"
134,Jakayla,Legros,1977-02-24,female,"Provident nobis totam molestiae accusamus eos perspiciatis nihil praesentium.",Ziemannville,obeier@example.net1722688658.9464995@example.com,"2024-08-03 12:37:38",$2y$12$PpzFJB1MBx9xi0hA2YIQ4.uMVnz1kuwaBbNJFTwQ1JNy7DQpMV0Oe,,"2024-08-03 12:37:38","2024-08-03 12:37:38"
135,Era,Balistreri,1995-02-02,male,"Omnis magni culpa voluptas cumque quas quia.","West Tamiamouth",kamren36@example.net1722688658.9465207@example.com,"2024-08-03 12:37:38",$2y$12$PpzFJB1MBx9xi0hA2YIQ4.uMVnz1kuwaBbNJFTwQ1JNy7DQpMV0Oe,,"2024-08-03 12:37:38","2024-08-03 12:37:38"
136,Carley,Botsford,1995-11-11,male,"Assumenda eos laborum ipsam.","South Ladariustown",frederique.okon@example.org1722688658.9466965@example.com,"2024-08-03 12:37:38",$2y$12$PpzFJB1MBx9xi0hA2YIQ4.uMVnz1kuwaBbNJFTwQ1JNy7DQpMV0Oe,,"2024-08-03 12:37:38","2024-08-03 12:37:38"
137,Kendall,Robel,1982-10-03,male,"Officiis adipisci ratione explicabo sit deserunt eveniet.",Averyberg,lang.everette@example.net1722688658.9467184@example.com,"2024-08-03 12:37:38",$2y$12$PpzFJB1MBx9xi0hA2YIQ4.uMVnz1kuwaBbNJFTwQ1JNy7DQpMV0Oe,,"2024-08-03 12:37:38","2024-08-03 12:37:38"
138,Lucas,Johns,1976-12-01,female,"Id modi fugit et blanditiis.",Bertramchester,sammy09@example.com1722688658.9468955@example.com,"2024-08-03 12:37:38",$2y$12$PpzFJB1MBx9xi0hA2YIQ4.uMVnz1kuwaBbNJFTwQ1JNy7DQpMV0Oe,,"2024-08-03 12:37:38","2024-08-03 12:37:38"
139,Fanny,Senger,1981-12-08,female,"Modi dolores voluptate libero illo sunt maiores suscipit.","East Kurtis",glakin@example.net1722688658.9469981@example.com,"2024-08-03 12:37:38",$2y$12$PpzFJB1MBx9xi0hA2YIQ4.uMVnz1kuwaBbNJFTwQ1JNy7DQpMV0Oe,,"2024-08-03 12:37:38","2024-08-03 12:37:38"
140,Leonie,Sawayn,1996-11-29,female,"Quia est veritatis aut rem autem non ut.","New Gudrun",parker.cynthia@example.org1722688658.947189@example.com,"2024-08-03 12:37:38",$2y$12$PpzFJB1MBx9xi0hA2YIQ4.uMVnz1kuwaBbNJFTwQ1JNy7DQpMV0Oe,,"2024-08-03 12:37:38","2024-08-03 12:37:38"
141,Rafaela,Pfeffer,2014-09-24,female,"Assumenda pariatur animi quas quos error.",Michalemouth,norris.rowe@example.com1722688658.947287@example.com,"2024-08-03 12:37:38",$2y$12$PpzFJB1MBx9xi0hA2YIQ4.uMVnz1kuwaBbNJFTwQ1JNy7DQpMV0Oe,,"2024-08-03 12:37:38","2024-08-03 12:37:38"
142,Rogers,Kutch,1973-12-04,male,"Qui voluptas molestiae voluptatem provident eos qui dolores voluptatem.","East Yeseniastad",qdoyle@example.org1722688658.9471139@example.com,"2024-08-03 12:37:38",$2y$12$PpzFJB1MBx9xi0hA2YIQ4.uMVnz1kuwaBbNJFTwQ1JNy7DQpMV0Oe,,"2024-08-03 12:37:38","2024-08-03 12:37:38"
143,Santino,Vandervort,2002-03-10,male,"Voluptas ex non id ut fugiat tenetur cumque.","New Joelmouth",hermann.torrey@example.com1722688658.947270@example.com,"2024-08-03 12:37:38",$2y$12$PpzFJB1MBx9xi0hA2YIQ4.uMVnz1kuwaBbNJFTwQ1JNy7DQpMV0Oe,,"2024-08-03 12:37:38","2024-08-03 12:37:38"
144,Tara,Pfeffer,2019-03-12,male,"A expedita occaecati dolorem iusto dolorem eum at modi.",Elyseport,emanuel88@example.org1722688658.9473500@example.com,"2024-08-03 12:37:38",$2y$12$PpzFJB1MBx9xi0hA2YIQ4.uMVnz1kuwaBbNJFTwQ1JNy7DQpMV0Oe,,"2024-08-03 12:37:38","2024-08-03 12:37:38"
145,Lulu,Corkery,1989-07-28,female,"Ex cupiditate enim veritatis itaque.",Curtland,oberbrunner.mathew@example.net1722688658.9474385@example.com,"2024-08-03 12:37:38",$2y$12$PpzFJB1MBx9xi0hA2YIQ4.uMVnz1kuwaBbNJFTwQ1JNy7DQpMV0Oe,,"2024-08-03 12:37:38","2024-08-03 12:37:38"
146,Maryjane,Lynch,2017-10-16,male,"Id totam nulla non vero inventore cum ut.",Crooksview,lhamill@example.org1722688658.947518@example.com,"2024-08-03 12:37:38",$2y$12$PpzFJB1MBx9xi0hA2YIQ4.uMVnz1kuwaBbNJFTwQ1JNy7DQpMV0Oe,,"2024-08-03 12:37:38","2024-08-03 12:37:38"
147,Domenick,O'Hara,1985-11-22,female,"Et ad expedita dolorem aut labore non et.","North Brennanstad",hweber@example.org1722688658.9476571@example.com,"2024-08-03 12:37:38",$2y$12$PpzFJB1MBx9xi0hA2YIQ4.uMVnz1kuwaBbNJFTwQ1JNy7DQpMV0Oe,,"2024-08-03 12:37:38","2024-08-03 12:37:38"
148,Macie,Von,1990-11-07,male,"Tenetur dolores libero voluptas animi.",Ryanhaven,zdietrich@example.com1722688658.9477794@example.com,"2024-08-03 12:37:38",$2y$12$PpzFJB1MBx9xi0hA2YIQ4.uMVnz1kuwaBbNJFTwQ1JNy7DQpMV0Oe,,"2024-08-03 12:37:38","2024-08-03 12:37:38"
149,Nico,Konopelski,2006-09-22,female,"Placeat quibusdam mollitia qui.",Marquardtland,webster84@example.net1722688658.947793@example.com,"2024-08-03 12:37:38",$2y$12$PpzFJB1MBx9xi0hA2YIQ4.uMVnz1kuwaBbNJFTwQ1JNy7DQpMV0Oe,,"2024-08-03 12:37:38","2024-08-03 12:37:38"
150,Vinnie,Littel,2010-05-17,female,"Itaque eos corporis maiores eos.","North Era",jewell.heathcote@example.com1722688658.9478485@example.com,"2024-08-03 12:37:38",$2y$12$PpzFJB1MBx9xi0hA2YIQ4.uMVnz1kuwaBbNJFTwQ1JNy7DQpMV0Oe,,"2024-08-03 12:37:38","2024-08-03 12:37:38"
